fname,liveness_score
14.mp4,0.0024293905
9.mp4,0.0001024008
15.mp4,0.0005116959
3.mp4,0.0008319318
11.mp4,0.0004335244
0.mp4,0.0005320795
7.mp4,0.0015881747
2.mp4,0.9706422836
10.mp4,0.9909344614
4.mp4,0.0069848672
6.mp4,0.9998528183
13.mp4,0.0196118921
12.mp4,0.9255962335
1.mp4,0.9999944717
5.mp4,0.1073003177
8.mp4,0.0003944596
